{"cameraMode":{"drawMode":0,"name":"Shaded","section":"Shading Mode"},"sceneLighting":true,"audioPlay":false,"sceneViewState":{"m_AlwaysRefresh":false,"showFog":true,"showSkybox":true,"showFlares":true,"showImageEffects":true,"showParticleSystems":true,"showVisualEffectGraphs":true,"m_FxEnabled":true},"in2DMode":false,"pivot":{"x":47.928409576416019,"y":3.774893283843994,"z":39.68912124633789},"rotation":{"x":0.0008795991307124496,"y":-0.9918243288993836,"z":0.006840909365564585,"w":0.1274462193250656},"size":3.6985604763031008,"orthographic":false}