{"cameraMode":{"drawMode":0,"name":"Shaded","section":"Shading Mode"},"sceneLighting":true,"audioPlay":false,"sceneViewState":{"m_AlwaysRefresh":false,"showFog":true,"showSkybox":true,"showFlares":true,"showImageEffects":true,"showParticleSystems":true,"showVisualEffectGraphs":true,"m_FxEnabled":true},"in2DMode":false,"pivot":{"x":157.52700805664063,"y":-30.574203491210939,"z":133.33761596679688},"rotation":{"x":0.47294822335243227,"y":-0.33895406126976015,"z":0.20359252393245698,"w":0.7873919010162354},"size":145.07196044921876,"orthographic":false}